<?xml version="1.0" encoding="UTF-8" standalone="no" ?>
<grammar>
  <entry name="Transitive_0">
    <family>Transitive</family>
    <trace>
      <class>VerbalSpine</class>
      <class>CanonicalObject</class>
      <class>CanonicalSubject</class>
      <class>Subject</class>
      <class>Transitive</class>
    </trace>
    <frame >
    </frame>
    <tree id="Transitive_0">
      <node type="std" name="XMGVAR_SX5S">
        <narg>
          <fs coref="@AVM1">
            <f name="cat">
              <sym value="s"/>
            </f>
          </fs>
        </narg>
        <node type="subst" name="XMGVAR_X4NP">
          <narg>
            <fs coref="@AVM2">
              <f name="cat">
                <sym value="np"/>
              </f>
            </fs>
          </narg>
        </node>
        <node type="std" name="XMGVAR_VPX2VPX3VP">
          <narg>
            <fs coref="@AVM3">
              <f name="cat">
                <sym value="vp"/>
              </f>
            </fs>
          </narg>
          <node type="anchor" name="XMGVAR_VX1V">
            <narg>
              <fs coref="@AVM4">
                <f name="cat">
                  <sym value="v"/>
                </f>
              </fs>
            </narg>
          </node>
          <node type="subst" name="XMGVAR_NP">
            <narg>
              <fs coref="@AVM5">
                <f name="cat">
                  <sym value="np"/>
                </f>
              </fs>
            </narg>
          </node>
        </node>
      </node>
    </tree>
    <interface>
      <fs>
      </fs>
    </interface>
  </entry>
  <entry name="Transitive_1">
    <family>Transitive</family>
    <trace>
      <class>VerbalSpine</class>
      <class>CanonicalObject</class>
      <class>WhSubject</class>
      <class>Subject</class>
      <class>Transitive</class>
    </trace>
    <frame >
    </frame>
    <tree id="Transitive_1">
      <node type="std" name="XMGVAR_X5S">
        <narg>
          <fs coref="@AVM1">
            <f name="cat">
              <sym value="s"/>
            </f>
          </fs>
        </narg>
        <node type="subst" name="XMGVAR_X4NP">
          <narg>
            <fs coref="@AVM2">
              <f name="cat">
                <sym value="np"/>
              </f>
            </fs>
          </narg>
        </node>
        <node type="std" name="XMGVAR_SS1">
          <narg>
            <fs coref="@AVM3">
              <f name="cat">
                <sym value="s"/>
              </f>
            </fs>
          </narg>
          <node type="std" name="XMGVAR_NP1">
            <narg>
              <fs coref="@AVM4">
                <f name="cat">
                  <sym value="np"/>
                </f>
              </fs>
            </narg>
            <node type="lex" name="XMGVAR_E">
              <narg>
                <fs coref="@AVM5">
                  <f name="cat">
                    <sym value="e"/>
                  </f>
                </fs>
              </narg>
            </node>
          </node>
          <node type="std" name="XMGVAR_VPX2VPX3VP">
            <narg>
              <fs coref="@AVM6">
                <f name="cat">
                  <sym value="vp"/>
                </f>
              </fs>
            </narg>
            <node type="anchor" name="XMGVAR_VX1V">
              <narg>
                <fs coref="@AVM7">
                  <f name="cat">
                    <sym value="v"/>
                  </f>
                </fs>
              </narg>
            </node>
            <node type="subst" name="XMGVAR_NP">
              <narg>
                <fs coref="@AVM8">
                  <f name="cat">
                    <sym value="np"/>
                  </f>
                </fs>
              </narg>
            </node>
          </node>
        </node>
      </node>
    </tree>
    <interface>
      <fs>
      </fs>
    </interface>
  </entry>
</grammar>
