<?xml version="1.0" encoding="UTF-8" standalone="no" ?>
<grammar>
  <entry name="example3_0">
    <family>example3</family>
    <trace>
      <class>example3</class>
    </trace>
    <frame >
    </frame>
    <tree id="example3_0">
      <node type="std" name="XMGVAR_S">
        <narg>
          <fs coref="@AVM1">
            <f name="cat">
              <sym value="s"/>
            </f>
          </fs>
        </narg>
        <node type="std" name="XMGVAR_A">
          <narg>
            <fs coref="@AVM2">
              <f name="cat">
                <sym value="a"/>
              </f>
            </fs>
          </narg>
        </node>
        <node type="std" name="XMGVAR_C">
          <narg>
            <fs coref="@AVM3">
              <f name="cat">
                <sym value="c"/>
              </f>
            </fs>
          </narg>
        </node>
        <node type="std" name="XMGVAR_B">
          <narg>
            <fs coref="@AVM4">
              <f name="cat">
                <sym value="b"/>
              </f>
            </fs>
          </narg>
        </node>
        <node type="std" name="XMGVAR_D">
          <narg>
            <fs coref="@AVM5">
              <f name="cat">
                <sym value="d"/>
              </f>
            </fs>
          </narg>
        </node>
      </node>
    </tree>
    <interface>
      <fs>
      </fs>
    </interface>
  </entry>
  <entry name="example3_1">
    <family>example3</family>
    <trace>
      <class>example3</class>
    </trace>
    <frame >
    </frame>
    <tree id="example3_1">
      <node type="std" name="XMGVAR_S">
        <narg>
          <fs coref="@AVM1">
            <f name="cat">
              <sym value="s"/>
            </f>
          </fs>
        </narg>
        <node type="std" name="XMGVAR_A">
          <narg>
            <fs coref="@AVM2">
              <f name="cat">
                <sym value="a"/>
              </f>
            </fs>
          </narg>
        </node>
        <node type="std" name="XMGVAR_B">
          <narg>
            <fs coref="@AVM3">
              <f name="cat">
                <sym value="b"/>
              </f>
            </fs>
          </narg>
        </node>
        <node type="std" name="XMGVAR_C">
          <narg>
            <fs coref="@AVM4">
              <f name="cat">
                <sym value="c"/>
              </f>
            </fs>
          </narg>
        </node>
        <node type="std" name="XMGVAR_D">
          <narg>
            <fs coref="@AVM5">
              <f name="cat">
                <sym value="d"/>
              </f>
            </fs>
          </narg>
        </node>
      </node>
    </tree>
    <interface>
      <fs>
      </fs>
    </interface>
  </entry>
  <entry name="example2_2">
    <family>example2</family>
    <trace>
      <class>example2</class>
    </trace>
    <frame >
    </frame>
    <tree id="example2_2">
      <node type="std" name="XMGVAR_S">
        <narg>
          <fs coref="@AVM1">
            <f name="cat">
              <sym value="s"/>
            </f>
          </fs>
        </narg>
        <node type="std" name="XMGVAR_A">
          <narg>
            <fs coref="@AVM2">
              <f name="cat">
                <sym value="a"/>
              </f>
            </fs>
          </narg>
        </node>
        <node type="std" name="XMGVAR_C">
          <narg>
            <fs coref="@AVM3">
              <f name="cat">
                <sym value="c"/>
              </f>
            </fs>
          </narg>
        </node>
        <node type="std" name="XMGVAR_B">
          <narg>
            <fs coref="@AVM4">
              <f name="cat">
                <sym value="b"/>
              </f>
            </fs>
          </narg>
        </node>
      </node>
    </tree>
    <interface>
      <fs>
      </fs>
    </interface>
  </entry>
  <entry name="example2_3">
    <family>example2</family>
    <trace>
      <class>example2</class>
    </trace>
    <frame >
    </frame>
    <tree id="example2_3">
      <node type="std" name="XMGVAR_S">
        <narg>
          <fs coref="@AVM1">
            <f name="cat">
              <sym value="s"/>
            </f>
          </fs>
        </narg>
        <node type="std" name="XMGVAR_B">
          <narg>
            <fs coref="@AVM2">
              <f name="cat">
                <sym value="b"/>
              </f>
            </fs>
          </narg>
        </node>
        <node type="std" name="XMGVAR_A">
          <narg>
            <fs coref="@AVM3">
              <f name="cat">
                <sym value="a"/>
              </f>
            </fs>
          </narg>
        </node>
        <node type="std" name="XMGVAR_C">
          <narg>
            <fs coref="@AVM4">
              <f name="cat">
                <sym value="c"/>
              </f>
            </fs>
          </narg>
        </node>
      </node>
    </tree>
    <interface>
      <fs>
      </fs>
    </interface>
  </entry>
  <entry name="example2_4">
    <family>example2</family>
    <trace>
      <class>example2</class>
    </trace>
    <frame >
    </frame>
    <tree id="example2_4">
      <node type="std" name="XMGVAR_S">
        <narg>
          <fs coref="@AVM1">
            <f name="cat">
              <sym value="s"/>
            </f>
          </fs>
        </narg>
        <node type="std" name="XMGVAR_A">
          <narg>
            <fs coref="@AVM2">
              <f name="cat">
                <sym value="a"/>
              </f>
            </fs>
          </narg>
        </node>
        <node type="std" name="XMGVAR_B">
          <narg>
            <fs coref="@AVM3">
              <f name="cat">
                <sym value="b"/>
              </f>
            </fs>
          </narg>
        </node>
        <node type="std" name="XMGVAR_C">
          <narg>
            <fs coref="@AVM4">
              <f name="cat">
                <sym value="c"/>
              </f>
            </fs>
          </narg>
        </node>
      </node>
    </tree>
    <interface>
      <fs>
      </fs>
    </interface>
  </entry>
  <entry name="example1_5">
    <family>example1</family>
    <trace>
      <class>example1</class>
    </trace>
    <frame >
    </frame>
    <tree id="example1_5">
      <node type="std" name="XMGVAR_S">
        <narg>
          <fs coref="@AVM1">
            <f name="cat">
              <sym value="s"/>
            </f>
          </fs>
        </narg>
        <node type="std" name="XMGVAR_B">
          <narg>
            <fs coref="@AVM2">
              <f name="cat">
                <sym value="b"/>
              </f>
            </fs>
          </narg>
          <node type="std" name="XMGVAR_A">
            <narg>
              <fs coref="@AVM3">
                <f name="cat">
                  <sym value="a"/>
                </f>
              </fs>
            </narg>
          </node>
        </node>
      </node>
    </tree>
    <interface>
      <fs>
      </fs>
    </interface>
  </entry>
  <entry name="example1_6">
    <family>example1</family>
    <trace>
      <class>example1</class>
    </trace>
    <frame >
    </frame>
    <tree id="example1_6">
      <node type="std" name="XMGVAR_S">
        <narg>
          <fs coref="@AVM1">
            <f name="cat">
              <sym value="s"/>
            </f>
          </fs>
        </narg>
        <node type="std" name="XMGVAR_B">
          <narg>
            <fs coref="@AVM2">
              <f name="cat">
                <sym value="b"/>
              </f>
            </fs>
          </narg>
        </node>
        <node type="std" name="XMGVAR_A">
          <narg>
            <fs coref="@AVM3">
              <f name="cat">
                <sym value="a"/>
              </f>
            </fs>
          </narg>
        </node>
      </node>
    </tree>
    <interface>
      <fs>
      </fs>
    </interface>
  </entry>
  <entry name="example1_7">
    <family>example1</family>
    <trace>
      <class>example1</class>
    </trace>
    <frame >
    </frame>
    <tree id="example1_7">
      <node type="std" name="XMGVAR_S">
        <narg>
          <fs coref="@AVM1">
            <f name="cat">
              <sym value="s"/>
            </f>
          </fs>
        </narg>
        <node type="std" name="XMGVAR_A">
          <narg>
            <fs coref="@AVM2">
              <f name="cat">
                <sym value="a"/>
              </f>
            </fs>
          </narg>
        </node>
        <node type="std" name="XMGVAR_B">
          <narg>
            <fs coref="@AVM3">
              <f name="cat">
                <sym value="b"/>
              </f>
            </fs>
          </narg>
        </node>
      </node>
    </tree>
    <interface>
      <fs>
      </fs>
    </interface>
  </entry>
</grammar>
