<?xml version="1.0" encoding="UTF-8" standalone="no" ?>
<grammar>
  <entry name="b_0">
    <family>b</family>
    <trace>
      <class>a</class>
      <class>b</class>
    </trace>
    <frame >
    </frame>
    <tree id="b_0">
      <node type="std" name="XMGVAR_S">
        <narg>
          <fs coref="@AVM1">
            <f name="cat">
              <sym value="s"/>
            </f>
          </fs>
        </narg>
        <node type="std" name="XMGVAR_AX1A">
          <narg>
            <fs coref="@AVM2">
              <f name="cat">
                <sym value="a"/>
              </f>
            </fs>
          </narg>
        </node>
      </node>
    </tree>
    <interface>
      <fs>
      </fs>
    </interface>
  </entry>
  <entry name="b_1">
    <family>b</family>
    <trace>
      <class>a</class>
      <class>b</class>
    </trace>
    <frame >
    </frame>
    <tree id="b_1">
      <node type="std" name="XMGVAR_S">
        <narg>
          <fs coref="@AVM1">
            <f name="cat">
              <sym value="s"/>
            </f>
          </fs>
        </narg>
        <node type="std" name="XMGVAR_A">
          <narg>
            <fs coref="@AVM2">
              <f name="cat">
                <sym value="a"/>
              </f>
            </fs>
          </narg>
        </node>
        <node type="std" name="XMGVAR_X1A">
          <narg>
            <fs coref="@AVM3">
              <f name="cat">
                <sym value="a"/>
              </f>
            </fs>
          </narg>
        </node>
      </node>
    </tree>
    <interface>
      <fs>
      </fs>
    </interface>
  </entry>
  <entry name="b_2">
    <family>b</family>
    <trace>
      <class>a</class>
      <class>b</class>
    </trace>
    <frame >
    </frame>
    <tree id="b_2">
      <node type="std" name="XMGVAR_S">
        <narg>
          <fs coref="@AVM1">
            <f name="cat">
              <sym value="s"/>
            </f>
          </fs>
        </narg>
        <node type="std" name="XMGVAR_X1A">
          <narg>
            <fs coref="@AVM2">
              <f name="cat">
                <sym value="a"/>
              </f>
            </fs>
          </narg>
        </node>
        <node type="std" name="XMGVAR_A">
          <narg>
            <fs coref="@AVM3">
              <f name="cat">
                <sym value="a"/>
              </f>
            </fs>
          </narg>
        </node>
      </node>
    </tree>
    <interface>
      <fs>
      </fs>
    </interface>
  </entry>
</grammar>
