<?xml version="1.0" encoding="UTF-8" standalone="no" ?>
<mcgrammar>
<lemmas>
  <lemma name="big" cat="a">
    <anchor tree_id="family[@name=Adj]">
      <filter>
        <fs>
        </fs>
      </filter>
    </anchor>
  </lemma>
  <lemma name="a" cat="d">
    <anchor tree_id="family[@name=Det]">
      <filter>
        <fs>
        </fs>
      </filter>
    </anchor>
  </lemma>
  <lemma name="the" cat="d">
    <anchor tree_id="family[@name=Det]">
      <filter>
        <fs>
        </fs>
      </filter>
    </anchor>
  </lemma>
  <lemma name="apple" cat="n">
    <anchor tree_id="family[@name=Noun]">
      <filter>
        <fs>
        </fs>
      </filter>
    </anchor>
  </lemma>
</lemmas>
</mcgrammar>
