<?xml version="1.0" encoding="UTF-8" standalone="no" ?>
<mcgrammar>
<morphs>
  <morph lex="big">
    <lemmaref cat="a" name="big">
      <fs>
      </fs>
    </lemmaref>
  </morph>
  <morph lex="a">
    <lemmaref cat="d" name="a">
      <fs>
      </fs>
    </lemmaref>
  </morph>
  <morph lex="an">
    <lemmaref cat="d" name="a">
      <fs>
      </fs>
    </lemmaref>
  </morph>
  <morph lex="the">
    <lemmaref cat="d" name="the">
      <fs>
      </fs>
    </lemmaref>
  </morph>
  <morph lex="apples">
    <lemmaref cat="n" name="apple">
      <fs>
      </fs>
    </lemmaref>
  </morph>
  <morph lex="apple">
    <lemmaref cat="n" name="apple">
      <fs>
      </fs>
    </lemmaref>
  </morph>
</morphs>
</mcgrammar>
