<?xml version="1.0" encoding="UTF-8" standalone="no" ?>
<grammar>
  <entry name="Adj_0">
    <family>Adj</family>
    <trace>
      <class>Adj</class>
    </trace>
    <frame >
    </frame>
    <tree id="Adj_0">
      <node type="std" name="XMGVAR_XMG_VAR_1">
        <narg>
          <fs coref="@AVM1">
            <f name="cat">
              <sym value="n"/>
            </f>
          </fs>
        </narg>
        <node type="anchor" name="XMGVAR_XMG_VAR_6">
          <narg>
            <fs coref="@AVM2">
              <f name="cat">
                <sym value="a"/>
              </f>
            </fs>
          </narg>
        </node>
        <node type="foot" name="XMGVAR_XMG_VAR_12">
          <narg>
            <fs coref="@AVM3">
              <f name="cat">
                <sym value="n"/>
              </f>
            </fs>
          </narg>
        </node>
      </node>
    </tree>
    <interface>
      <fs>
      </fs>
    </interface>
  </entry>
  <entry name="Det_1">
    <family>Det</family>
    <trace>
      <class>Det</class>
    </trace>
    <frame >
    </frame>
    <tree id="Det_1">
      <node type="std" name="XMGVAR_XMG_VAR_1">
        <narg>
          <fs coref="@AVM1">
            <f name="cat">
              <sym value="np"/>
            </f>
          </fs>
        </narg>
        <node type="anchor" name="XMGVAR_XMG_VAR_6">
          <narg>
            <fs coref="@AVM2">
              <f name="cat">
                <sym value="d"/>
              </f>
            </fs>
          </narg>
        </node>
        <node type="foot" name="XMGVAR_XMG_VAR_12">
          <narg>
            <fs coref="@AVM3">
              <f name="cat">
                <sym value="np"/>
              </f>
            </fs>
          </narg>
        </node>
      </node>
    </tree>
    <interface>
      <fs>
      </fs>
    </interface>
  </entry>
  <entry name="Noun_2">
    <family>Noun</family>
    <trace>
      <class>Noun</class>
    </trace>
    <frame >
    </frame>
    <tree id="Noun_2">
      <node type="std" name="XMGVAR_XMG_VAR_1">
        <narg>
          <fs coref="@AVM1">
            <f name="cat">
              <sym value="np"/>
            </f>
          </fs>
        </narg>
        <node type="anchor" name="XMGVAR_XMG_VAR_6">
          <narg>
            <fs coref="@AVM2">
              <f name="cat">
                <sym value="n"/>
              </f>
            </fs>
          </narg>
        </node>
      </node>
    </tree>
    <interface>
      <fs>
      </fs>
    </interface>
  </entry>
</grammar>
